post_id,date,subreddit,title,selftext,score,num_comments,post_sentiment,post_sentiment_pos,post_sentiment_neg,url,is_strictly_cava,avg_comment_sentiment,weighted_comment_sentiment,total_comments_scraped,avg_comment_score,pct_positive_comments,pct_negative_comments,combined_sentiment
1g1ei9z,2024-10-11 16:56:11,investing,CAVA ($131.25) - Where do we go from here in the current valuation?,"I am looking to get some thoughts and ideas of what people think about Cava. It had an incredible run but wondering where could we be heading now.

Here is my previous post 6 months ago: [https://www.reddit.com/r/ValueInvesting/comments/1c4tovh/cava\_group\_62\_usd/](https://www.reddit.com/r/ValueInvesting/comments/1c4tovh/cava_group_62_usd/)

Here again is a small description of it with current updates:

CAVA Group, Inc. is a prominent Mediterranean fast-casual restaurant brand known for its he",0,18,0.9825,0.144,0.0,https://www.reddit.com/r/investing/comments/1g1ei9z/cava_13125_where_do_we_go_from_here_in_the/,True,0.4396,0.47335384615384624,8.0,2.5,0.625,0.125,0.6260976923076924
1nuunc4,2025-10-01 01:00:45,stocks,I am still bullish on CAVA,"I come in here to write up on a nice little stock I like to call CAVA. I just demoralized one of their Mediterranean bowls the other day, and when I was inside, some girl said, ""Why can't they open one up in Parksville?"" I almost said, don't worry shawty, eventually they will.

CAVA has just reached its 52-week low and touched 25 on the RSI yesterday. Its 52-week spread is honestly incredible, 172 high, 58 low, and I feel for those who bought in the triple digits. But I'm not done believing. And",49,124,0.986,0.118,0.015,https://www.reddit.com/r/stocks/comments/1nuunc4/i_am_still_bullish_on_cava/,True,0.224212,-0.03337257525083613,25.0,11.96,0.56,0.24,0.27243919732441474
1gpwawh,2024-11-12 21:39:52,stocks,"Cava beats Revenue and EPS estimates, raises FY Revenue, Profit Margins, and EBITDA guidance, Shares +17%","**Fiscal Third Quarter 2024 Highlights:**

* **CAVA Revenue** grew 39.0% to $241.5 million as compared to $173.8 million in the prior year quarter, versus expected $233 million .
* **Net New CAVA Restaurant Openings** of 11, bringing total CAVA Restaurants to 352, a 21.4% increase in total CAVA Restaurants year over year.
* **CAVA Same Restaurant Sales Growth** of 18.1%, including guest traffic growth of 12.9%.
* **CAVA AUV** of $2.8 million as compared to $2.6 million in the prior year quarter.",83,34,0.988,0.116,0.0,https://www.reddit.com/r/stocks/comments/1gpwawh/cava_beats_revenue_and_eps_estimates_raises_fy/,True,0.37323636363636364,0.3712495145631069,11.0,8.818181818181818,0.7272727272727273,0.09090909090909091,0.5562746601941748
1eyun5e,2024-08-22 21:08:54,stocks,Cava earnings beat estimates as restaurant traffic climbs nearly 10% ,"Cava on Thursday raised its full-year outlook as its restaurants reported strong traffic, fueling better-than-expected quarterly earnings and revenue.

Shares of the company rose 7% in extended trading. The stock has more than doubled its value this year, bringing Cava’s market cap up to about $11.6 billion, as of Thursday’s close.

Here’s what the company reported for the quarter ended July 14 compared with what Wall Street was expecting, based on a survey of analysts by LSEG:

Earnings per sha",124,66,0.9648,0.076,0.0,https://www.reddit.com/r/stocks/comments/1eyun5e/cava_earnings_beat_estimates_as_restaurant/,True,0.08900666666666666,0.33737567567567567,15.0,9.8,0.4666666666666667,0.26666666666666666,0.525602972972973
1b1gq35,2024-02-27 16:55:11,stocks,Cava stock pops after blunder leads to early earnings release,"Cava’s stock rose 7% on Tuesday morning after the Mediterranean restaurant chain released its earnings report a day early.

Investors were expecting Cava to announce its earnings after the bell on Tuesday afternoon, but the company issued its press release Monday evening instead after early versions of the results appeared in news reports shortly after the market close.

Cava reported fourth-quarter net income of $2.05 million, or 2 cents per share, swinging from a net loss of $18.85 million, or",210,68,0.9517,0.105,0.027,https://www.reddit.com/r/stocks/comments/1b1gq35/cava_stock_pops_after_blunder_leads_to_early/,True,0.3505428571428571,0.6281743935309972,14.0,24.285714285714285,0.6428571428571429,0.07142857142857142,0.7252320754716981
18dy44d,2023-12-08 22:11:04,stocks,$CAVA – DECEMBER SHORT PLAY (Potential Crash and/or Death Spiral),"Below is my personal thesis based on my own research. And I do research… all the time… perhaps too much.  
  
**1. OVERVIEW &amp; CATALYST**  
  
CAVA Group, Inc. (CAVA) owns and operates a chain of around 280 Mediterranean restaurants. The company offers salads, dips, spreads, toppings, and dressings. It sells its products through whole food markets and grocery stores. The company also provides online food ordering services. Cava Group, Inc. was founded in 2006 and is based in Washington, D",10,42,0.9961,0.11,0.054,https://www.reddit.com/r/stocks/comments/18dy44d/cava_december_short_play_potential_crash_andor/,True,0.20097500000000001,0.2892089743589744,12.0,6.416666666666667,0.5833333333333334,0.25,0.501276282051282
14apcwy,2023-06-16 06:40:58,stocks,Cava stock soars in its IPO debut,"Cava (CAVA) on Thursday made its public debut on the New York Stock Exchange, and it looks like Wall Street investors want, at least initially, to take a big bite.  
  
Shares of the Mediterranean fast-casual restaurant chain closed at $43.30, valuing the restaurant chain at roughly $4.8 billion. That's almost twice what the company priced on Wednesday evening at $22 per share, which valued the company at $2.5 billion.  
  
Cava initially sought a common stock price offering for between $17 ",4,8,0.9783,0.081,0.025,https://www.reddit.com/r/stocks/comments/14apcwy/cava_stock_soars_in_its_ipo_debut/,True,0.24980000000000002,0.08565,5.0,4.8,0.6,0.2,0.35344499999999995
14a8kz1,2023-06-15 17:41:57,stocks,Mediterranean restaurant chain Cava stock soars as much as 112% in market debut,"https://www.cnbc.com/2023/06/15/cava-group-ipo-cava-starts-trading-on-the-new-york-stock-exchange.html

Shares of Mediterranean restaurant chain Cava soared as much as 112% in its market debut Thursday morning before giving up some of those gains. The stock opened at $42 per share, giving the company a market value of $4.68 billion. After spiking even higher, shares in afternoon trading were hovering above its opening trade price, still more than 90% higher than its initial public offering price",472,226,0.9845,0.108,0.02,https://www.reddit.com/r/stocks/comments/14a8kz1/mediterranean_restaurant_chain_cava_stock_soars/,True,0.380625,0.32852440251572324,16.0,49.6875,0.8125,0.0625,0.5253170817610062
1oogvck,2025-11-04 19:33:06,wallstreetbets,CAVA $40 Calls 1/16/26 Exp,"Cava is the leader in the fast casual space for Same Store Sales Growth (SSS) and as we have seen SSS across the industry compress over FY24/25, I believe Cava is the leader and will rebound at a faster rate. People have been quick to dismiss consumer names right now because of macroeconomic conditions, nothing to do with business fundamentals. Current consumer trends aren’t great, but I hold a similar, but slightly less aggressive view to Burry, in that AI is looking frothy. Industries and Sect",16,17,0.7102,0.059,0.035,https://www.reddit.com/r/wallstreetbets/comments/1oogvck/cava_40_calls_11626_exp/,True,-0.07329,-0.11870877192982458,10.0,5.7,0.4,0.4,0.1299638596491228
1mppwkh,2025-08-14 03:50:01,wallstreetbets,Is this CAVA bull ok?,17 year account deleted?,1524,202,0.0,0.0,0.0,https://www.reddit.com/r/wallstreetbets/comments/1mppwkh/is_this_cava_bull_ok/,True,0.07946,0.05692788177339901,25.0,162.4,0.28,0.04,0.039849517241379306
1moo36d,2025-08-12 23:09:01,wallstreetbets,Going all into CAVA,"Easiest swing trade I’ve ever seen
See you guys tomorrow when it dead cat bounces🫡",242,206,-0.3612,0.116,0.178,https://www.reddit.com/r/wallstreetbets/comments/1moo36d/going_all_into_cava/,True,0.126108,0.22268908188585607,25.0,32.24,0.4,0.2,0.047522357320099226
1mojswk,2025-08-12 20:21:04,wallstreetbets,Cava down -20% after hours,"$CAVA Q2 earnings results:
~EPS: $0.16 vs $0.14 est
~REV: $278.25M vs $286.58M est
",2168,528,0.0,0.0,0.0,https://www.reddit.com/r/wallstreetbets/comments/1mojswk/cava_down_20_after_hours/,True,0.40492941176470587,0.6269968128444764,17.0,245.47058823529412,0.7647058823529411,0.0,0.4388977689911334
1mojspl,2025-08-12 20:20:51,wallstreetbets,Cava stock plummets after company lowers forecast on disappointing same-store sales growth,,433,118,-0.2732,0.16,0.288,https://www.reddit.com/r/wallstreetbets/comments/1mojspl/cava_stock_plummets_after_company_lowers_forecast/,True,0.1930105263157895,0.19632087378640778,19.0,43.36842105263158,0.47368421052631576,0.2631578947368421,0.055464611650485454
1modcmk,2025-08-12 16:25:13,wallstreetbets,CAVA will melt up,"So I got some money to waste after the OPEN meltup so I was thinking yesterday where can I waste some of the gains? That is right I will waste it on stupid plays. I am a believer of CAVA so I think it will go to 150 EOY. It got rekt by the tariffs but it hasn't recovered since the dip. Also, for some reason the algos reported that it missed expectations on Q1 which was false (even though trading view counts it as missed).

I do not live on the US so I hope that online reviews are reliable (reddi",154,105,0.5069,0.082,0.074,https://www.reddit.com/r/wallstreetbets/comments/1modcmk/cava_will_melt_up/,True,0.18658666666666665,0.09817956878850102,30.0,32.46666666666667,0.4666666666666667,0.16666666666666666,0.22079569815195071
1m90k4q,2025-07-25 14:25:08,wallstreetbets,$CAVA 30k YOLO -- Let's get to $90!,YOLO 30K on $CAVA...maybe my wife will divorce me after this!!!!! Can we get it to 90???&gt;!&amp;#x200B;!&lt;,34,36,0.8113,0.243,0.0,https://www.reddit.com/r/wallstreetbets/comments/1m90k4q/cava_30k_yolo_lets_get_to_90/,True,0.13882857142857144,0.030679787234042556,21.0,4.380952380952381,0.3333333333333333,0.19047619047619047,0.26486585106382976
1lut77m,2025-07-08 16:31:28,wallstreetbets,CAVA 2x play,"Feeling great about this entry point for CAVA. Fast growing, 400+ locations, opening 60 more this year, 1,000 locations by 2032, and every CAVA I’ve ever been in is packed! Excellent income statement and balance sheet trends. It hasn’t participated in the recent rally, but it appears to be putting in a bottom and recently there was some bullish options activity from bigger players. Thinking about buying some long dated calls as well at about $100 strike.",47,19,0.8122,0.14,0.02,https://www.reddit.com/r/wallstreetbets/comments/1lut77m/cava_2x_play/,True,0.5248727272727273,0.5640833333333333,11.0,1.3636363636363635,0.9090909090909091,0.0,0.6385183333333333
1luqswb,2025-07-08 14:59:35,wallstreetbets,CAVA 18k gains,"CAVA is the new chipotle, and I’m willing to bet on it. Just back from vacation and heading to the street in a month, which means this is my last month of pure freedom before I’m shackled to institutional trading restrictions, brooks brothers suits, and long term delta one strategies.

FWIW, being a wsb degen is more fun than most institutional roles. I wonder how long before I blow up this billion dollar hedge fund by leveraging them to the tits.",101,25,0.8516,0.111,0.021,https://www.reddit.com/r/wallstreetbets/comments/1luqswb/cava_18k_gains/,True,0.12184166666666668,0.25241290322580645,12.0,2.5833333333333335,0.3333333333333333,0.25,0.43216903225806447
1klr69h,2025-05-13 16:59:49,wallstreetbets,Had to post the 100% CAVA gains,,3,3,0.34,0.286,0.0,https://www.reddit.com/r/wallstreetbets/comments/1klr69h/had_to_post_the_100_cava_gains/,True,0.41083333333333333,0.41083333333333333,3.0,1.0,0.6666666666666666,0.3333333333333333,0.3895833333333333
1iy6bd9,2025-02-25 21:25:52,wallstreetbets,It was a good run Cava GG,This,32,17,0.7034,0.493,0.0,https://www.reddit.com/r/wallstreetbets/comments/1iy6bd9/it_was_a_good_run_cava_gg/,True,0.12763333333333335,0.24621944444444446,9.0,4.0,0.5555555555555556,0.2222222222222222,0.3833736111111111
1gqfdei,2024-11-13 15:25:39,wallstreetbets,CAVA- the stock that's been overpriced since it was $40,"I've been buying  since the beginning of the year, and have heard it was overpriced since that time too. Either way, it prints lol",41,10,0.4215,0.078,0.0,https://www.reddit.com/r/wallstreetbets/comments/1gqfdei/cava_the_stock_thats_been_overpriced_since_it_was/,True,0.30354285714285717,0.1666190476190476,7.0,2.2857142857142856,0.42857142857142855,0.0,0.24308333333333332
1fgymfl,2024-09-14 23:10:43,wallstreetbets,30k into Cava shorts,"Just a lil yolo &amp; DD to see how far we can go with this, Cava is a mediterranean salad bar style restaurant that has been on a monster run over the past year but is currently trading at an outrageous share price. It generates around 30 million per quarter and has 350 locations YET its share price reflects each of these locations is worth around 37 million dollars. So do they add gold flakes to each salad or give each customer a happy finish after meal? Short answer is NO. They are a common p",54,136,0.9847,0.145,0.031,https://www.reddit.com/r/wallstreetbets/comments/1fgymfl/30k_into_cava_shorts/,True,0.244824,0.03413582089552237,25.0,8.04,0.6,0.32,0.31930507462686564
1f9yu9v,2024-09-05 22:03:12,wallstreetbets,125k on CAVA puts,I made good money shorting this last week. Couldn’t resist on the low volume pump today. Looking for a 5 bagger. Absurd pe. Low margins. Insiders selling. Will take them 15 years to catch chipotle. 35mm per leased location selling over priced food bowls with consumers pinched heading into septembear. Bad numbers in the morning and this could lose its charm. Good luck. ,47,28,0.2732,0.142,0.129,https://www.reddit.com/r/wallstreetbets/comments/1f9yu9v/125k_on_cava_puts/,True,0.17946,-0.06964799999999999,10.0,5.0,0.5,0.2,0.033206400000000004
1ezhd8m,2024-08-23 16:38:38,wallstreetbets,ALL IN! Rolled my $CAVA calls into $NVDA calls LFG,,26,20,0.0,0.0,0.0,https://www.reddit.com/r/wallstreetbets/comments/1ezhd8m/all_in_rolled_my_cava_calls_into_nvda_calls_lfg/,True,0.30125,0.3971954545454546,10.0,2.1,0.5,0.2,0.2780368181818182
1ezg9il,2024-08-23 15:53:47,wallstreetbets,Cava calls ,,45,12,0.0,0.0,0.0,https://www.reddit.com/r/wallstreetbets/comments/1ezg9il/cava_calls/,True,0.3051,0.24145714285714284,4.0,1.75,0.5,0.25,0.16901999999999998
1eyvax1,2024-08-22 21:36:48,wallstreetbets,Cava beats earnings expectations ,"https://www.cnbc.com/2024/08/22/cava-group-cava-earnings-q2-2024.html

Calls will print ",12,37,0.0,0.0,0.0,https://www.reddit.com/r/wallstreetbets/comments/1eyvax1/cava_beats_earnings_expectations/,True,0.45175714285714286,0.5599375000000001,7.0,3.4285714285714284,0.7142857142857143,0.0,0.39195625000000006
1ey6cd5,2024-08-22 01:00:03,wallstreetbets,Is This a Regarded Way To Approach Cava Earnings?,"I personally do like CAVA as a company, but not at this price - I mean the P/E  is INSANE and although they have done great, scaling a company to the size of Chipotle is NOT easy, yet it's being treated as if it's already there when they only have a few hundred locations. Also, CAVA will have to face more competition when scaling than Chipotle did, since Chipotle basically pioneered this type of fast-casual assembly line dining.

I strongly believe that with this earnings call there's way more t",18,42,0.9893,0.129,0.053,https://www.reddit.com/r/wallstreetbets/comments/1ey6cd5/is_this_a_regarded_way_to_approach_cava_earnings/,True,0.38185,0.6392914285714286,14.0,2.2857142857142856,0.6428571428571429,0.21428571428571427,0.744294
1d46eqw,2024-05-30 15:13:59,wallstreetbets,$CAVA on god I've never even seen one of their restaurants ,,42,25,0.2732,0.174,0.0,https://www.reddit.com/r/wallstreetbets/comments/1d46eqw/cava_on_god_ive_never_even_seen_one_of_their/,True,0.0125,-0.3024512820512821,10.0,3.9,0.2,0.2,-0.12975589743589744
1d3lvkm,2024-05-29 20:24:30,wallstreetbets,CAVA and CRM gain,,21,10,0.5267,0.531,0.0,https://www.reddit.com/r/wallstreetbets/comments/1d3lvkm/cava_and_crm_gain/,True,0.12694,0.12694,5.0,1.0,0.4,0.2,0.24686799999999998
1d3jivz,2024-05-29 18:42:04,wallstreetbets,Paper handed my Cava calls with too high of a stop loss 😵‍💫,"Woke up down 60%, thought I was a smart guy getting out with only 21% loss. Calls printing as we speak. Can’t even call myself regarded, I’m legit sped and a pussy. Thankfully it was one contract and I’m broke as shit anyway. My account is now down 14k but that a whole other story 😅. Cant even climb back when I WAS RIGHT. See you at Wendy’s  ",22,13,-0.25,0.074,0.126,https://www.reddit.com/r/wallstreetbets/comments/1d3jivz/paper_handed_my_cava_calls_with_too_high_of_a/,True,-0.1146,-0.5051764705882352,8.0,6.375,0.375,0.5,-0.4286235294117646
1d2vd1d,2024-05-28 21:38:18,wallstreetbets,CAVA green this quarter,,10,9,0.0,0.0,0.0,https://www.reddit.com/r/wallstreetbets/comments/1d2vd1d/cava_green_this_quarter/,True,0.25020000000000003,0.057738461538461544,3.0,4.333333333333333,0.3333333333333333,0.0,0.04041692307692308
1d1x643,2024-05-27 17:38:09,wallstreetbets,CAVA 🚨 I took my time to do research and why cava is the next CHIPOTLE MEXICAN GRILL.,"Since their IPO was launched back in 2006 CMG traded over 100$ the first year. 
Cava went public to the market LAST YEAR, Since their IPO $CAVA has been up 60$ or 277.00% 

Why I’m comparing CAVA TO CMG? 

Because both sell the idea of giving the people healthy food, and people fall for it, since 2016 the restaurant chain had successfully opened around 330 and continues to expand the 2024 with another 50 stores… and in the long run 1000 by 2032, that’s huge if u pay attention what CMG did. 

Let",842,382,0.9967,0.2,0.008,https://www.reddit.com/r/wallstreetbets/comments/1d1x643/cava_i_took_my_time_to_do_research_and_why_cava/,True,0.27566521739130434,0.285472188595094,23.0,136.47826086956522,0.6086956521739131,0.13043478260869565,0.49884053201656575
1d1io03,2024-05-27 03:45:32,wallstreetbets,CAVA earnings 5/28,"WTF is going on with CAVA. Up 102% YTD and has smashed earning thus far. Reporting again in 2 days.      

P/E of 396??

I love a good spicy lamb meatball bowl but come on people, this isn’t the next chipotle. Or is it? 

Tempted to buy puts at $86.00 exp 5/31, but haven’t pulled the trigger cus I feel like this is too fucky. Thoughts?",68,84,0.7179,0.116,0.037,https://www.reddit.com/r/wallstreetbets/comments/1d1io03/cava_earnings_528/,True,0.041048,-0.14694197530864195,25.0,16.2,0.24,0.24,0.11251061728395062
1czou25,2024-05-24 16:27:59,wallstreetbets,Eat mor $CAVA,just flexing my avg price 🤷🏿‍♂️ $CAVA,49,21,0.0,0.0,0.0,https://www.reddit.com/r/wallstreetbets/comments/1czou25/eat_mor_cava/,True,0.41318181818181815,0.5415628571428571,11.0,3.1818181818181817,0.8181818181818182,0.18181818181818182,0.379094
1cqyybw,2024-05-13 13:11:16,wallstreetbets,CAVA!,,329,49,0.0,0.0,0.0,https://www.reddit.com/r/wallstreetbets/comments/1cqyybw/cava/,True,0.19858499999999998,0.07123401015228427,20.0,9.6,0.55,0.1,0.04986380710659898
1b0xdih,2024-02-27 00:08:42,wallstreetbets,$CAVA earnings leaked,"Edit 2: read to the bottom of the actual release and saw the horrible 2024 guidance, like poo poo quality - puts puts puts!

Edit 1: now actually posted on their website.

https://investor.cava.com/news/news-details/2024/CAVA-Group-Reports-Fourth-Quarter-and-Full-Year-Fiscal-2023-Results/default.aspx

Algos aren’t in yet!

—-

Looks like $CAVA earnings just leaked accidentally. Huge beat. 

https://www.bloomberg.com/news/articles/2024-02-26/cava-sales-beat-estimates-as-diners-splurge-on-premium-",480,247,0.9358,0.138,0.052,https://www.reddit.com/r/wallstreetbets/comments/1b0xdih/cava_earnings_leaked/,True,0.0670952380952381,0.22580694726166334,21.0,93.9047619047619,0.3333333333333333,0.3333333333333333,0.43880486308316435
18gy5rj,2023-12-12 22:13:28,wallstreetbets,CAVA up +20% because of all the put lemmings lol,"It's fReE moNeY because  IPO LocKuP PerIod ExpiRation. 

Hall of shame:

u/Veritatis-Cupitor [$CAVA – DECEMBER SHORT PLAY (Potential Crash and/or Death Spiral)](https://reddit.com/r/wallstreetbets/comments/18d0g1y/cava_december_short_play_potential_crash_andor/)

u/jamzkourt [I gave you UPST yesterday ….up over 20% today !! So hear me out on this next play ….short CAVA and here’s why](https://reddit.com/r/wallstreetbets/comments/188qi3e/i_gave_you_upst_yesterday_up_over_20_today_so/)

u/mlamping",289,82,0.9209,0.219,0.093,https://www.reddit.com/r/wallstreetbets/comments/18gy5rj/cava_up_20_because_of_all_the_put_lemmings_lol/,True,0.21713,0.3939591666666667,20.0,24.0,0.55,0.3,0.5520414166666667
18gwwr1,2023-12-12 21:28:25,wallstreetbets,Any ideas on what caused $CAVA to move up 20% today?,"A lot of people are shorting CAVA, could this be the likely cause of the backfire? How does a ""short squeeze"" logistically work? 

 Anyone else who got caught with puts, what's your opinion on the price action, do you see it coming back down just as fast? Just trying to get a discussion opened up and learn a bit more about what a ""squeeze"" is and how it works...",11,40,0.0,0.0,0.0,https://www.reddit.com/r/wallstreetbets/comments/18gwwr1/any_ideas_on_what_caused_cava_to_move_up_20_today/,True,-0.12087142857142859,-0.19183636363636364,14.0,7.857142857142857,0.2857142857142857,0.42857142857142855,-0.13428545454545454
18g93ph,2023-12-12 00:38:49,wallstreetbets,CAVA YOLO,Wish me luck,44,85,0.8192,0.81,0.0,https://www.reddit.com/r/wallstreetbets/comments/18g93ph/cava_yolo/,True,0.0525,0.03827438016528927,29.0,4.172413793103448,0.3448275862068966,0.20689655172413793,0.2725520661157025
18d0g1y,2023-12-07 17:17:39,wallstreetbets,$CAVA – DECEMBER SHORT PLAY (Potential Crash and/or Death Spiral),"Below is my personal thesis based on my own research. And I do research… all the time… perhaps too much.

**1.** **OVERVIEW &amp; CATALYST**

CAVA Group, Inc. (CAVA) owns and operates a chain of around 280 Mediterranean restaurants. The company offers salads, dips, spreads, toppings, and dressings. It sells its products through whole food markets and grocery stores. The company also provides online food ordering services. Cava Group, Inc. was founded in 2006 and is based in Washington, DC.

The ",91,757,0.9961,0.108,0.053,https://www.reddit.com/r/wallstreetbets/comments/18d0g1y/cava_december_short_play_potential_crash_andor/,True,0.004058823529411768,-0.12209479166666669,34.0,11.294117647058824,0.38235294117647056,0.38235294117647056,0.2133636458333333
16nujtu,2023-09-20 19:46:44,wallstreetbets,"CAVA, is it ripe for a comeback, or is this thing gonna die on the vine? Puts or calls, what say you??","&amp;#x200B;

https://preview.redd.it/j705k69asgpb1.png?width=645&amp;format=png&amp;auto=webp&amp;s=8aedc63bf4ec0b5ed799c7f47aea5324a1fc91f3",7,18,-0.7059,0.0,0.174,https://www.reddit.com/r/wallstreetbets/comments/16nujtu/cava_is_it_ripe_for_a_comeback_or_is_this_thing/,True,0.13455,-0.1348548387096774,6.0,5.166666666666667,0.3333333333333333,0.3333333333333333,-0.3061683870967742
1q8hgc7,2026-01-09 19:16:41,SecurityAnalysis,CAVA Valuation - Looking for feedback on process,"I've put together a very short analysis for CAVA restaurants.

Just as some background, I spent roughly 5-7 hours working on this. I came in cold as this was the first restaurant I've ever looked at so had to get up to speed on some of the terminology and general business dynamics. I also employed NotebookLM to help compile some of the data and interrogate the annual filings, which I wanted to make a point of getting better at incorporating AI to improve &amp; accelerate my process. 

*Note that",13,4,0.9822,0.128,0.008,https://www.reddit.com/r/SecurityAnalysis/comments/1q8hgc7/cava_valuation_looking_for_feedback_on_process/,True,0.5076999999999999,0.59234,3.0,3.3333333333333335,1.0,0.0,0.709298
1f17s1k,2024-08-25 21:44:10,SecurityAnalysis,Assessing the $CAVA Craze: Can the Hype Hold Up?,,5,0,-0.1531,0.0,0.167,https://www.reddit.com/r/SecurityAnalysis/comments/1f17s1k/assessing_the_cava_craze_can_the_hype_hold_up/,True,,,,,,,-0.1531
1fnqhgx,2024-09-23 17:42:14,food,"[homemade] Cava bowl with spicy honey harissa chicken, feta dip, and a cucumber mint lemonade. ",,8,1,0.0,0.0,0.0,https://www.reddit.com/r/food/comments/1fnqhgx/homemade_cava_bowl_with_spicy_honey_harissa/,True,0.3939,0.3939,1.0,1.0,1.0,0.0,0.27573
1c45skx,2024-04-14 22:11:07,AskNYC,Are Cava and Naya good? How are they different?,"Lately I’ve been hearing a lot about these two restaurants. I’ve also seen quite a few locations around Manhattan, I’ve just never been. I quickly skimmed both their menus and they look to be the same in what they serve? Is one better than the other? Are they any good?",75,108,0.8645,0.147,0.0,https://www.reddit.com/r/AskNYC/comments/1c45skx/are_cava_and_naya_good_how_are_they_different/,True,0.18965652173913042,0.1357695756605284,23.0,54.30434782608695,0.5652173913043478,0.21739130434782608,0.3543887029623699
17yqrtv,2023-11-19 06:23:44,AskNYC,Where can I buy Cavas Toum Garlic Whip?,"I’m desperate haha, I go into Cava all over the city and they sell the larger sauce dressings except for the toum garlic whip. My kitchen is very limited so I can’t make it myself. Anybody know of a good store or market where I could get my hands on some? I’d of course love to support/ get it from a Greek or Lebanon establishment but if you know anywhere please drop a comment. Thanks!",3,1,0.8737,0.166,0.062,https://www.reddit.com/r/AskNYC/comments/17yqrtv/where_can_i_buy_cavas_toum_garlic_whip/,True,0.2732,0.2732,1.0,1.0,1.0,0.0,0.45335000000000003
13snibr,2023-05-26 20:23:58,AskNYC,Good idea to buy cava/sweetgreen the night before and eat it for lunch next day?,"I live in Manhattan but work in Corona queens and am not pleased with the food options there (taco stands, Dunkin donuts, or taco bell), so I have been bringing trader Joe's salads or going to hmart every morning to get a sushi roll for lunch. 

I miss my cava bowls I used to have everyday when I was working in Manhattan. I have been thinking is it a good idea to go to cava, sweetgreen, or get a poke bowl the night before and leaving it in my fridge til the next day? Idk if it would last.",0,16,0.1408,0.048,0.057,https://www.reddit.com/r/AskNYC/comments/13snibr/good_idea_to_buy_cavasweetgreen_the_night_before/,True,0.12796249999999998,-0.07324827586206897,8.0,2.5,0.375,0.5,-0.009033793103448276
xiqyye,2022-09-19 22:32:53,AskNYC,Does anyone know when the cava on 44th and 2nd will open?,*sorry I meant 3rd,0,0,-0.0772,0.0,0.08,https://www.reddit.com/r/AskNYC/comments/xiqyye/does_anyone_know_when_the_cava_on_44th_and_2nd/,True,,,,,,,-0.07719999999999999
ej4930,2020-01-02 21:03:28,AskNYC,Other chains like CAVA?,I passed the hummus and pita co the other day but walked in and the ingredients didn't look too great/was pricey. Anything else you guys like that is similar?,2,6,0.4871,0.143,0.059,https://www.reddit.com/r/AskNYC/comments/ej4930/other_chains_like_cava/,True,0.37168,0.27213846153846155,5.0,2.6,0.6,0.2,0.33662692307692305
1lwrcmf,2025-07-10 23:15:57,options,Cava options,"I have 2 cava options contracts $90 strike sept 2025(edit typo) cost 4.40 per share, worth 10.15 per share.

Would it make sense to sell one, and let the other ride.

If I sold one I would get back my Initial $880 plus 135 in profit.

I was planning to hold a little longer till it hits $100 a share, and then sell the options off.
",0,5,0.836,0.152,0.02,https://www.reddit.com/r/options/comments/1lwrcmf/cava_options/,True,0.9177500000000001,0.8894749999999999,2.0,2.0,1.0,0.0,0.8734324999999998
1kx1umj,2025-05-27 23:12:58,options,CAVA LEAP,"How do you guys feel about CAVA as a LEAP setup? It’s trading around $82, down &gt;40% from $143 in early Feb and well below its $150 all-time high from Dec24, despite solid earnings and no major bad news. 

Analysts have targets up to $175, with an average around $118, about 45% upside. With strong growth and expansion plans, I feel like this dip looks like a solid long-term call opportunity. 

Thinking about a $100C exp 1/16/26 to give it more time to rebound. CAVA doesn’t get a lot of noise, ",13,19,0.9715,0.16,0.047,https://www.reddit.com/r/options/comments/1kx1umj/cava_leap/,True,0.5912,0.4764214285714286,5.0,2.8,0.8,0.0,0.624945
1iwax3c,2025-02-23 14:08:12,options,$CAVA earnings next week,"For a $100 stock, SCAVA options are surly pricey. I believe SCAVA will surprise up and a call spread would be the play l'd go. 3/7/25 $CAVA $120-$130 call spread for $2.10 or less might return 3X in less than a week.",4,7,0.5423,0.093,0.0,https://www.reddit.com/r/options/comments/1iwax3c/cava_earnings_next_week/,True,0.3759166666666667,0.36085,6.0,1.6666666666666667,0.8333333333333334,0.0,0.415285
1imzamb,2025-02-11 14:04:53,options,Cava shares,"What does the group feel about CAVA.  I was assigned 300 shares a few weeks back at 129/share off 3 contract.   I’m up $3300.  I was looking to get out around $145+/share.  I get $12 in Margin interest per day ($168 interest YTD)

Earning are coming out at the end of the month and expect to be strong.  Should I hold out?",6,5,0.9136,0.188,0.0,https://www.reddit.com/r/options/comments/1imzamb/cava_shares/,True,0.5786,0.7368285714285714,3.0,2.0,1.0,0.0,0.7898599999999999
1gqewv2,2024-11-13 15:05:34,options,CAVA - $155 JAN 2026 Calls issue,"I am regarded about what to do here as my calls I bought prior to the earnings call for CAVA are now ITM. I bought Jan 2026 calls with a strike price of $155. The stocks were at $141.50 yesterday and today are at $164.76 with the possibility of more/less throughout the upcoming 400+days I have left in the calls. So, will IV will eat into the profits already gained or will leaving it long term will potentially increase/decrease the value as the stock goes up/down? It is my first time taking a sta",0,2,0.1783,0.065,0.06,https://www.reddit.com/r/options/comments/1gqewv2/cava_155_jan_2026_calls_issue/,True,0.62925,0.62925,2.0,-0.5,1.0,0.0,0.49396499999999993
1gpw8gn,2024-11-12 21:36:53,options,CAVA 180 NOV 29 call,"Hi, I bought this call a couple days ago and now obv CAVA has beat earnings again as is up to $165 After hours. Any ideas on what this will be worth on open and also ideas on what to do with it? I assume the gains will continue through the week and then let off some",1,17,0.5106,0.067,0.0,https://www.reddit.com/r/options/comments/1gpw8gn/cava_180_nov_29_call/,True,0.06970000000000001,-0.1408142857142857,4.0,1.75,0.25,0.25,0.054610000000000034
1f2ncj8,2024-08-27 17:47:37,options,"Far out options looking nice for CAVA, thinking Q4","https://preview.redd.it/6690p6buu8ld1.png?width=2028&amp;format=png&amp;auto=webp&amp;s=94df0e3845148a853c215eb4c62c58b1baf34e7d

Looks like CAVA is still trending upward, thinking of buying some calls for December. Thoughts?",0,3,0.6868,0.197,0.0,https://www.reddit.com/r/options/comments/1f2ncj8/far_out_options_looking_nice_for_cava_thinking_q4/,True,-0.027899999999999998,-0.12678571428571428,3.0,2.3333333333333335,0.3333333333333333,0.3333333333333333,0.11728999999999998
1ezjg7u,2024-08-23 18:02:56,options,Cava Puts,Anybody here shorting or have plans to short CAVA after this earnings pump. Their PE ratio is 550% more than chipotles. Can’t imagine they defy gravity much longer,6,18,0.0,0.0,0.0,https://www.reddit.com/r/options/comments/1ezjg7u/cava_puts/,True,-0.09277777777777778,0.09299130434782608,9.0,2.5555555555555554,0.3333333333333333,0.3333333333333333,0.06509391304347825
1eyxk6n,2024-08-22 23:15:02,options,Covered call CAVA,About 1 mo ago sold CC for 100 strike that expires 9/6. Nice profit if/when they called away but still sad to let all that additional profit float away. Is there a smart play at this point now that it’s popping from good earnings or just wait and see what happens? ,1,0,0.9153,0.261,0.078,https://www.reddit.com/r/options/comments/1eyxk6n/covered_call_cava/,True,,,,,,,0.9153
1d3k478,2024-05-29 19:07:32,options,"Bought OTM Call on CAVA. Now is ITM, but worth less with a couple days to expiry? Explanation?","I bought a 85 CAVA 5/31 OTM Call before earnings. It is now ITM and I’m still down? Why isn’t the intrinsic value not worth anything? Still has a couple days to go, shouldn’t it be worth 100 x the difference between 85 and whatever the stock is at (eg. (88-85) x 100 = 300)

Thanks for any info

Edit: thank you for all the responses. I see now I paid too much for the contract for the expected move. You live you learn. Glad I didn’t add more. Hopefully it keeps pushing up but I know IV crush will ",0,24,0.9655,0.17,0.039,https://www.reddit.com/r/options/comments/1d3k478/bought_otm_call_on_cava_now_is_itm_but_worth_less/,True,-0.09602307692307692,0.0937439716312057,13.0,10.846153846153847,0.38461538461538464,0.6153846153846154,0.355270780141844
19858dt,2024-01-16 15:17:10,options,"CAVA Jan 19, 40 puts, suggestions","So I bought these with the anticipation of a drop after the IPO share unlock which happened last month. Sadly (for me) CAVA defied the odds and kept moving higher. I know I should have unloaded these earlier and had a more concrete exit strategy (that is always the first suggestion ppl make, and I realize now how important that is to stick to, but it is past that point today) so what I am asking at this point is does anyone have any suggestions for what to do with this at this point? I could jus",2,3,0.9192,0.102,0.021,https://www.reddit.com/r/options/comments/19858dt/cava_jan_19_40_puts_suggestions/,True,0.39923333333333333,0.39923333333333333,3.0,1.0,1.0,0.0,0.5552233333333333
18dy1ak,2023-12-08 22:07:24,options,$CAVA – DECEMBER SHORT PLAY (Potential Crash and/or Death Spiral),"Below is my personal thesis based on my own research. And I do research… all the time… perhaps too much.

**1.** **OVERVIEW &amp; CATALYST**

CAVA Group, Inc. (CAVA) owns and operates a chain of around 280 Mediterranean restaurants. The company offers salads, dips, spreads, toppings, and dressings. It sells its products through whole food markets and grocery stores. The company also provides online food ordering services. Cava Group, Inc. was founded in 2006 and is based in Washington, DC.

The ",27,59,0.9961,0.109,0.054,https://www.reddit.com/r/options/comments/18dy1ak/cava_december_short_play_potential_crash_andor/,True,0.2604,0.23231162790697674,16.0,2.6875,0.625,0.125,0.46144813953488373
15trik8,2023-08-17 15:56:06,options,Buy calls after CAVA lock up ends in September?,Should I wait  for the CAVA lock up to end in September to buy calls?? Maybe early October. ,4,11,0.0,0.0,0.0,https://www.reddit.com/r/options/comments/15trik8/buy_calls_after_cava_lock_up_ends_in_september/,True,0.33103333333333335,0.20633043478260868,6.0,3.8333333333333335,0.6666666666666666,0.16666666666666666,0.14443130434782606
